scientific_name,range,type locality
Smithornis capensis delacouri,Sierra Leone to Ghana,"Bandama, Ivory Coast."
Smithornis capensis conjunctus,Caprivi Strip and middle Zambezi Valley to nw Mozambique,"30 miles west of the Victoria Falls, Zambesi R. (incomplete locality)"
Smithornis capensis capensis,eastern South Africa (coastal KwaZulu-Natal and northeastern Eastern Cape),"Natal; restricted to the coastal forests of northern Zululand, Vincent, Bull. Brit. Orn. CL, 55, p. 96."
Smithornis sharpei eurylaemus,E Democratic Republic of the Congo,"Moera, 40 kilometers northwest of Lake Albert Edward. 1"
Calyptomena viridis caudacuta,"S Myanmar, sw Thailand, Malay Peninsula and adjacent islands","India; error = Singapore Island, fide Chasen, 1935, p. 153."
Calyptomena viridis siberu,"Mentawai Is. (Siberut, North Pagai and South Pagai)",Siberut Island.
Psarisomus dalhousiae cyanicauda,Southeast Thailand and Cambodia,"Kao Sabab, southeastern Siam."
Psarisomus dalhousiae divinus,S Vietnam (s Annam),"Lang Bian Mts., Haut-Donai Province, Annam."
Psarisomus dalhousiae psittacinus,Malay Peninsula and Sumatra,Sumatra.
Corydon sumatranus laoensis,S Myanmar to n Thailand and Indochina,"the Siamese Lao; type from Doi Souteb, 3300 feet."
Corydon sumatranus sumatranus,"Extreme s Thailand, Malay Peninsula, Sumatra and Penang I.",interior of Sumatra.
Corydon sumatranus brunnescens,Northwest Borneo (Sarawak) and North Natuna Islands,"Baram, Borneo."
Serilophus lunatus elisabethae,SE China (se Yunnan and sw Guangxi) and e Tonkin,"Hokow, S.E. Yunnan (alt. 300 ft.)"
Serilophus lunatus polionotus,Mountains of Hainan I.,"Mt. Wuchi, Hainan."
Serilophus lunatus stolidus,S Myanmar and peninsular Thailand (except extreme south),"Kao Nawng, 1200-1500 feet, [ = Khao Nong, a mountain at lat. 8° 55' N., long. 99° 38' E.], Bandon, peninsular Siam."
Serilophus lunatus impavidus,S Laos (Bolaven Plateau),"Thateng, lat. 15° 31' N., long. 106° 22' E., Saravane Province, Bas-Laos."
Serilophus lunatus rothschildi,Malay Peninsula and extreme s peninsular Thailand,"Gunong Ijau, 3000 feet, Perak."
Serilophus lunatus intensus,Sumatra,"Siolak Dras, 3100 feet, Korinchi [Kerintji] Valley, Sumatra."
Cymbirhynchus macrorhynchos affinis,Southwest Myanmar,Arakan.
Cymbirhynchus macrorhynchos malaccensis,Extreme s Thailand and Malay Peninsula,Malacca.
Eurylaimus javanicus friedmanni,"SE Myanmar, Thailand and Indochina","Sathani Hin Lap, lat. 14° 40' N., long. 101° 10' E., Siam."
Eurylaimus javanicus pallidus,S Thailand (Isthmus of Kra) and Malay Peninsula,"Kao Nawng [ = Khao Nong, a mountain at lat. 8° 55' N., long. 99° 38' E.], Peninsular Siam."
Eurylaimus javanicus harterti,"Sumatra, Riau Archipelago, Bangka I. and Belitung I.","Deli, Sumatra."
Eurylaimus javanicus javanicus,Java,Java.
Erythropitta erythrogaster yairocho,"Sulu Islands, Philippines","Sibutu, Sulu Islands."
Erythropitta erythrogaster inspeculata,Talaud Islands,Talaut (Kabruang and Salibabu).
Erythropitta caeruleitorques,Sangihe I. (ne of Sulawesi),"Petta, Sanglr Islands."
Erythropitta palliceps,Siau and Tahulandang islands (Celebes Sea),"Siao, Sangir Islands."
Erythropitta celebensis,"Sulawesi, Manterawu I. and Togian Islands","Tondano, Celebes."
Erythropitta dohertyi,"Banggai Is. (Peleng, Banggai) and Sula Is. (Taliabu, Seho, Mangole)",Sula Mangoli.
Erythropitta rufiventris rufiventris,"Morotai, Halmahera, Kasiruta, Bacan, Moti, Damar and Obi islands","unknown; Batjan designated by Hartert, 1903, Novit. Zool., 10, pp. 13, 57."
Erythropitta rufiventris cyanonota,Ternate I. (North Moluccas),Ternate.
Erythropitta rubrinucha rubrinucha,Buru I. (South Moluccas),Buru.
Erythropitta rubrinucha piroensis,Seram I. (South Moluccas),"Piru, Ceram."
Erythropitta macklotii macklotii,"Aru Islands, Raja Ampat Islands, and western and southern New Guinea","Lobo, Triton Bay, southwestern New Guinea."
Erythropitta macklotii finschii,"D'Entrecasteaux Archipelago (Fergusson and Goodenough Islands; recent sight records from Normanby Island probably also refer to this species), off of southeastern New Guinea","Astrolabe Range, New Guinea; error for Fergusson Island, D'Entrecasteaux Archipelago, fide Hartert, 1895, Novit. Zool., 2, p. 61."
Erythropitta novaehibernicae extima,New Hanover (Bismarck Archipelago),"New Hanover, Bismarck Archipelago."
Erythropitta splendida,Tabar I. (e of New Ireland),"Tabar Island, Tabar group."
Erythropitta gazellae,S Bismarck Archipelago (New Britain and adjacent islands),"Ralum, New Britain."
Erythropitta meeki,Rossel I. (Louisiade Archipelago),Rossel Island.
Erythropitta granatina coccinea,"Malay Peninsula, s peninsular Thailand, s Myanmar and Sumatra",Malacca.
Hydrornis oatesi oatesi,Myanmar to ne Laos and sw Thailand,"Toungoo district, Upper Pegu."
Hydrornis oatesi deborah,southern Thai-Malay Peninsula,"Fraser's Hill, 1,200 m., 3° 43' N, 101° 44' E, Ulu Tranum Forest Reserve, Main Range, Pahang."
Hydrornis nipalensis hendeei,"S China (se Yunnan, sw Guangxi) to n Vietnam and n Laos","Muong-moun, Tonkin."
Hydrornis soror flynnstonei,SE Thailand and sw Cambodia,"Khao Soi Dao Tai, 4800 ft, Pong Nam Ron district, Chanthaburi Province, south-eastern Thailand, co-ordinates 12:56N, 102:12E"
Hydrornis caeruleus caeruleus,"S Myanmar, s Thailand, Malay Peninsula and Sumatra",Sumatra.
Hydrornis schneideri,Batak Mountains of n Sumatra (critically endangered),"Batak Mountains, upper Deli, North Sumatra."
Hydrornis schwaneri,Borneo,Borneo.
Hydrornis cyaneus cyaneus,"E Bangladesh, ne India, s China, Myanmar, Thailand, Indochina",Arracan.
Hydrornis cyaneus willoughbyi,Mts. of c Laos to s Annam,"Xiengkhouang, Laos."
Pitta sordida abbotti,Nicobar Islands,Great Nicobar.
Pitta sordida bangkana,Bangka and Belitung islands (off Sumatra),Bangka Island.
Pitta sordida sanghirana,Sangihe I. (ne of Sulawesi),Sangir.
Pitta sordida forsteni,northern Sulawesi (Minahasa Peninsula),"Tondano, Celebes. (Not Citta Melanocephal. [a] Wagler, 1827.)"
Pitta sordida goodfellowi,Aru Islands (off s New Guinea),"Silbattabatta, Aru Islands."
Pitta sordida mefoorana,Numfor I. (off nw New Guinea),Mefoor Island.
Pitta sordida rosenbergii,Biak I. (off nw New Guinea),Soek Island.
Pitta steerii steerii,S Philippines (Mindanao),"Dumalon, Mindanao."
Pitta concinna,"Lombok, Sumbawa, Flores, Adonara, Lomblen and Alor islands",Lombok
Pitta elegans maria,Lesser Sundas (Sumba and s Flores),Sumba Island.
Pitta elegans virginalis,"Tanahjampea, Kalaotoa and Kalao islands (off Sulawesi)",Djampea Island.
Pitta elegans elegans,"Sangihe I., Sula Islands and c Moluccas",Timor.
Pitta vigorsii,"Seram, Watubela, Banda, Tayandu, Kai and Tanimbar islands","eastern coast of Australia; error, corrected to Banda by Wallace, 1862, Proc. Zool. Soc. London, p. 188"
Pitta anerythra pallida,Bougainville (n Solomon Islands),Bougainville.
Pitta iris johnstoneiana,NW Western Australia (nw Kimberley region),"Mt Trafalgar, Prince Regent River Reserve, WA"
Euchrepomis callinota venezuelana,"NW Venezuela (Sierra de Perijá), Mérida and Barinas","Cerro Pejochaina, Sierra de Perijá, Zulia, Venezuela."
Batara cinerea excubitor,E slope of Andes of c Bolivia (w Santa Cruz),"Samaipata, Santa Cruz, Bolivia."
Sakesphorus canadensis canadensis,Suriname and coastal French Guiana,"Canada; error = Cayenne, by designation of Berlepsch and Hartert, Nov. Zool., 9, 1902, p. 70."
Thamnophilus doliatus cadwaladeri,S Bolivia (Tarija),"Villa Montes, 2000 feet, Tarija, Bolivia."
Thamnophilus multistriatus selvae,W slope of Western Andes of Colombia (upper Río San Juan),"La Selva, 6000 feet, Caldas, Colombia."
Thamnophilus multistriatus multistriatus,Colombia (e slope of Cent. Andes and w slope of E and S Andes),Colombia = Bogota.
Thamnophilus multistriatus oecotonophilus,W slope of E Andes of Colombia and Sierra de Perijá (w Venezuela),"Soatá, Departamento de Boyacá, Colombia; alt. 1700-2040 m"
Thamnophilus tenuepunctatus tenuepunctatus,E slope of Eastern Andes of n-cent. Colombia,"Anolaima, Colombia."
Thamnophilus atrinucha gorgonae,Gorgona I. (off w Colombia),Gorgona Island.
Thamnophilus insignis nigrofrontalis,Extreme sw Venezuela (Macizo de Sipapo in w Amazonas),"Cerro Paraque, 1600 meters, Territorio Amazonas, Venezuela."
Thamnistes anabatinus gularis,Extreme nw Venezuela (Táchira) and (? adj. ne Colombia),"Cerro El Tetéo, Burgua, Estado Táchira, Venezuela; 1250 meters"
Epinecrophylla haematonota ssp. nov.,"N of Rio Marañón, W of Rio Napo",N/A
Epinecrophylla ornata ornata,Andean foothills of central Colombia (Meta),"Nova Granada i.e. Bogota, Colombia."
Epinecrophylla ornata saturata,S-cent. Colombia to e Ecuador and ne Peru (n of R. Marañón),"upper Rio Suno, eastern Ecuador."
Myrmotherula longicauda soderstromi,E slope of Andes of s Colombia and n Ecuador (Napo),"near Rio Napo, eastern Ecuador."
Myrmotherula longicauda longicauda,Central Peru (Junín),"Chontabamba, La Merced, and La Gloria, Peru."
Myrmotherula sunensis yessupi,"E-central Peru (Huánuco, Pasco) and sw Amazonian Brazil","Puerto Yessup, Junin, Peru."
Myrmotherula behni camanii,S Venezuela (Cerro Camani in n Amazonas),"Cerro Camani, Territorio Amazonas, Venezuela, 1250 meters"
Herpsilochmus roraimae kathleenae,Tepuis of sw Venezuela and adj. Brazil (n Amazonas),"Caño Laguna, Falda occidental del Cerro Parú, Amazonas Venezuela."
Terenura sicki,E Brazil (e Alagoas and e Pernambuco),"Sierra Blanca, 9°15'S, 35°50'W, Murici, Alagoas, Noreste del Brasil."
Gymnocichla nudiceps sanctamartae,N Colombia (Santa Marta region and Magdalena Valley),"Santa Marta, Colombia."
Sclateria naevia diaphora,S-cent. Venezuela (lower R. Caura drainage in nw Bolívar),"Rio Mocho, Rio Caura, Venezuela."
Myrmeciza longipes boucardi,Colombia (upper Magdalena Valley from Cundinamarca to Huila),Bogota.
Poliocrania exsul maculifer,Pacific slope of w Colombia and w Ecuador,"Paramba, 3500 feet, Esmeraldas, Ecuador."
Myrmophylax atrothorax metae,"Central Colombia (Meta, w Guaviare)","Quenane, Llanos de Meta, Colombia."
Myrmophylax atrothorax maynana,N-cent. Peru (south of Río Marañón and west of Río Huallaga),"Yurimaguas, Peru."
Gymnopithys bicolor daguae,Pacific slope of w Colombia (s Chocó to Cauca),"El Paillon [ = Pailon], near Buenaventura, Valle, Colombia."
Gymnopithys bicolor ruficeps,Tropical central Colombia (Antioquia),"Cauca Valley = Rio Nechi, Antioquia, Colombia."
Gymnopithys rufigula pallidigula,Tepuis of extreme s Venezuela (Pica Yavita-Pimichín environs),"Campamento la Cruz, 150 meters, Yavita-Pimichin portage, Amazonas, Venezuela."
Pittasoma michleri zeledoni,Caribbean slope of Costa Rica and w Panama,"Rio Sucio, Costa Rica."
Pittasoma rufopileatum rosenbergi,W Andes of Colombia and Baudó Mountains (south to Chocó),"Sipi, 150 feet, Rio Sipi, Choco, Colombia."
Pittasoma rufopileatum harterti,Lowlands and foothills of Colombia (Cauca and w Nariño),"Barbacoas, Narifio, Colombia."
Conopophaga castaneiceps chocoensis,Colombia (w slope of W Andes and Baudó Mts. in w Chocó),"Baudo Mts., 3500 feet, Choco, Colombia."
Grallaria gigantea lehmanni,Andes of sw Colombia (head of Magdalena Valley),"San Marcos, 3000 meters, Moscopan, Cauca, Colombia."
Grallaria gigantea hylodroma,SW Colombia (Nariño) and W slope of Andes of Ecuador,"Gualea, 6000 feet, Pichincha, Ecuador."
Grallaria excelsa phelpsi,Coastal mts. n Venezuela (Colonia Tovar in Aragua),"Colonia Tovar, 5900 feet, Aragua, Venezuela."
Grallaria varia intercedens,E Brazil (Pernambuco and s Bahia to se Minas Gerais),Baia; type a trade skin.
Grallaria alleni andaquiensis,"Andes of Colombia (Magdalena) to Ecuador (Napo, Cotopaxi)","Inmediaciones de la Cueva de los Guácharos, valle del Río Suaza, Acevedo, Huila, Colombia."
Grallaria guatimalensis aripoensis,Trinidad; popul,"Aripo Mts., 2000 feet, Trinidad."
Grallaria guatimalensis carmelitae,Santa Marta Mts. (ne Colombia) and Sierra de Perijá,"Pueblo Viejo, Santa Marta, Colombia."
Grallaria haplonota pariae,NE Venezuela (subtropical mts. of Paría Peninsula),"Cerro Azul, Cristobal Colon, Paria Peninsula, Sucre, Venezuela."
Grallaria ruficapilla perijana,Sierra de Perijá (Colombia/Venezuela border),"La Sabana, 1500 meters, Rio Negro, Perija District, Zulia, Venezuela."
Grallaria ruficapilla nigrolineata,"Andes of w Venezuela (Táchira, Mérida and Trujillo)","Merida, Venezuela."
Grallaria ruficapilla connectens,Subtropical Andes of sw Ecuador,"Taraguacocha, 9750 feet, Cordillera de Chilla, El Oro, Ecuador."
Grallaria griseonucha griseonucha,Andes of w Venezuela (e Mérida),"Paramo de Culata, Andes of Merida, Venezuela."
Grallaria nuchalis ruficeps,Colombia (Central Andes and w slope of Eastern Andes),"Antioquia, Colombia; type from Medellin."
Grallaria nuchalis obsoleta,W slope of Andes of nw Ecuador (Imbabura and Pichincha),"west side of Mt. Pichincha, 12,000 feet, Ecuador."
Grallaria hypoleuca hypoleuca,W slope of Eastern Andes of Colombia,Santa Fe de Bogota.
Grallaria spatiator,Santa Marta Mountains (ne Colombia),"Macotama, 8000 feet, Sierra Nevada de Santa Marta, Colombia"
Grallaria rufocinerea romeroana,S Colombia to Andes of ne Ecuador (nw Sucumbíos),"Inmediaciones de la Cascada del Río Bedón (o Río San José ), margen derecha, Parque Nacional Natural del Puracé, 76°17'W, 2°20' N., La Plata, Huila, Colombia."
Grallaria quitensis atuensis,Andes of n Peru (s Amazonas and e La Libertad),"Atuen, 12,000 feet, Amazonas, Peru."
Grallaria milleri gilesi,"northern Central Andes of Colombia (Antioquia); known from a single 19th century specimen, probably extinct","Santa Elena, 8 km. al este de Medellín, 06 15’N, 75 35’W., Antioquia, Colombia."
Hylopezus perspicillatus pallidior,"Colombia (lower Cauca, upper Sinú and Magdalena valleys)","El Tambor, Santander, Colombia."
Hylopezus perspicillatus lizanoi,Pacific slope of sw Costa Rica,"Trojas, Costa Rica."
Myrmothera fulviventris caquetae,Lowlands of extreme se Colombia (w Caquetá),"Morelia, Caqueta, Colombia"
Myrmothera campanisona modesta,Base of Eastern Andes of se Colombia (south from Meta),Santa Fe de Bogota.
Grallaricula flavirostris costaricensis,Mountains of Costa Rica and w Panama (east to Veraguas),"Barranca, Costa Rica."
Grallaricula cucullata cucullata,Central and Eastern Andes of Colombia,Bogota.
Grallaricula cucullata venezuelana,Andes of central Colombia and nw Venezuela,"Río Chiquito, Hacienda La Providencia, Táchira, Venezuela."
Grallaricula ferrugineipectus rara,"eastern Andes of Colombia, and the Sierra de Perijá (Colombia/ Venezuela border)","Llanos de Medina, Cundinamarca, Colombia."
Grallaricula nana olivascens,coastal mountains of north central Venezuela (Aragua and Distrito Federal),"Galipan, 2000 meters, Cerro del Avila, near Caracas, Venezuela."
Grallaricula nana nana,Eastern Andes of Colombia,Colombia = Bogota.
Grallaricula cumanensis pariae,NE Venezuela (subtropical mountains of Paría Peninsula),"Cerro Azul, Cristobal Colon, Paria Peninsula, Sucre, Venezuela."
Scelorchilus albicollis atacamae,N Chile (sw Antofogasta and Atacama to n Coquimbo),"Caldera, Atacama, Chile."
Scelorchilus rubecula mochae,Mocha I. (off Chile),"Mocha Island, Chile."
Scytalopus atratus confusus,Cent. Andes and e slope of W Andes of Colombia,"Miraflores, 6800 feet, east of Palmira, Colombia."
Scytalopus rodriguezi yariguiorum,"northern Colombia (Serranía de los Yariguíes, Santander)","Camino del Lenguerke' above Finca El Taliman, Vereda El Centro, San Vicente de Chucuri municipality, west slope of the Yariguies massif, dpto. Santander, Colombia (06°50'N, 73°2TW; 2,100 m). Serranía de los Yariguíes, Colombia"
Scytalopus alvarezlopezi,Pacific slope of Colombian Andes (western Antioquia south to southwestern Valle del Cauca),"Colombia, department of Risaralda, municipality of Mistrato, Alto de Pisones, 8 km northeast of Geguadas, elevation 1,710 m, shallow ravine in cloud forest; coordinates 5 25 N, 76 02 W."
Scytalopus griseicollis gilesi,"Andes of northern Colombia (Serranía de los Yariguíes, Santander)","Páramo Filo Pamplona, arriba de La Aurora, vereda San Isidro, 06 38’N; 73 24’W, Municipio de Galán, Santander, Colombia."
Formicarius analis virescens,West base of Santa Marta Mts. (ne Colombia),"Fundacion, Santa Marta, Colombia."
Formicarius analis griseoventris,Mts. of n Colombia and nw Venezuela in w Maracaibo basin,"Kunana, Sierra de Perijá, Zulia, Venezuela"
Formicarius analis connectens,E Colombia east of the Andes,"Villavicencio, 1600 feet, Colombia."
Formicarius nigricapillus nigricapillus,Caribbean slope of e Costa Rica and both slopes of Panama,"Buena Vista, Costa Rica."
Formicarius rufipectus carrikeri,W and Central Andes of Colombia and w Ecuador,"San Antonio, 6600 feet, Western Andes, Colombia."
Chamaeza campanisona yavii,Tepuis of south-central Venezuela (Cerro Yaví),"Cerro Yavi, 1600 meters, Territorio Amazonas, Venezuela."
Chamaeza campanisona huachamacarii,Tepuis of s Venezuela (Cerro Huachamacari),"Cerro Huachamacare, Amazonas, Venezuela."
Chamaeza campanisona obscura,Subtropical mountains of se Venezuela (Bolívar and s Amazonas),"Mt. Auyan-tepui, 1100 meters, Bolivar, Venezuela."
Sclerurus obscurior bahiae,E Brazil (Alagoas to ne São Paulo),"Baia, Brazil"
Sclerurus guatemalensis ennosiphyllus,Colombia (Río Magdalena Valley in Santander),"Volador, cerca de El Tigre, 25 millas al oeste de Simití, Bolívar, Colombia."
Sclerurus caudacutus umbretta,Coastal e Brazil (Alagoas to Espírito Santo),Baia.
Sclerurus caudacutus calligineus,Alagoas and Pernambuco,BRAZIL: Alagoas; Usina Mangabeiras
Sclerurus albigularis canigularis,Montane forests of Costa Rica and w Panama (Chiriquí),"Turrialba, Costa Rica."
Sclerurus albigularis kunanensis,NE Venezuela (Paría Peninsula),"Kunana, Sierra de Perijá, Río Negro, Venezuela."
Geositta cunicularia fissirostris,C Chile (s Atacama to Llanquihué),"Valparaiso, Chile."
Geositta cunicularia contrerasi,W-c Argentina (Sierra Grandes in Córdoba),"Los Gigantes, Sierras Grandes de Córdoba, Córdoba, Argentina."
Geositta cunicularia hellmayri,W Argentina,"Huanuluan, Rio Negro, Argentina."
Geositta rufipennis harrisoni,N Chile (sw Antofogasta),"Quebrada Paposo; 22° 02' S, 70° 29'W, Provincia de Antofagasta, Chile."
Geositta rufipennis ottowi,W-c Argentina (Sierra de Córdoba),"Sierra de Córdoba, Córdoba, Argentina."
Geositta rufipennis hoyi,W Argentina (Mendosa to Neuquén) and s Chile (s Aysén),"Quebrada de las Lajas, Departamento Las Heras, Mendoza, Argentina."
Geositta rufipennis giaii,Southwest Argentina (s Neuquén to Chubut),"Cerro Carbón, Valle del Arroyo Bernal, 9 Km.del Lago Nahuel Huapi, Bariloche, Río Negro, Argentina."
Deconychura longicauda minor,Tropical n Colombia,"El Tambor, Santander, Colombia."
Dendrocincla tyrannina hellmayri,Andes of e Colombia and w Venezuela (sw Táchira),"Paramo de Tama, Colombia."
Dendrocincla fuliginosa lafresnayei,N and e Colombia and adjacent nw Venezuela,"Upper Amazon? error = Santa Marta region by designation of Chapman, Bull. Am. Mus. Nat. Hist., 36, 1917, p. 418."
Glyphorynchus spirurus amacurensis,NE Venezuela (Delta Amacuro),"Jobure, Territorio Delta Amacuro, Venezuela."
Dendrocolaptes sanctithomae sheffleri,Pacific slope of sw Mexico (Guerrero and Oaxaca),"19 mi. N Puerto Angel, Oaxaca, México, elevation 900 feet"
Dendrocolaptes sanctithomae punctipectus,N Colombia and nw Venezuela (Zulia and n Mérida),"La Sierra, Rio Negro, Perija' district, Zulia, Venezuela."
Dendrocolaptes picumnus puncticollis,Highlands of s Mexico (Chiapas) to Guatemala and w Honduras,"Tactic and San Geronimo, Vera Paz, Guatemala."
Dendrocolaptes picumnus casaresi,"Andean foothills of nw Argentina (Jujuy, Salta and Tucumán)","Concepcion, Tucuman."
Xiphocolaptes promeropirhynchus omiltemensis,Subtropical sw Mexico (Sierra Madre del Sur of Guerrero),"Omilteme, Guerrero, Mexico."
Xiphocolaptes promeropirhynchus costaricensis,Highlands of c Costa Rica and sw Panama (Chiriquí),"Naranjo, Cartago, Costa Rica."
Xiphocolaptes promeropirhynchus panamensis,Mountains of Pacific slope of s Panama (Veraguas),"Chitra, 3600 feet, Veraguas, Panama."
Xiphocolaptes promeropirhynchus sanctaemartae,N Colombia (Santa Marta Mts.),"San Lorenzo, Santa Marta Mountains, Colombia."
Xiphocolaptes promeropirhynchus virgatus,W slope of C Andes of Colombia east to Río Magdalena,"locality unknown; presumably from Antioquia, Colombia."
Xiphocolaptes promeropirhynchus procerus,Mountains of n and c Venezuela,Caracas.
Xiphocolaptes promeropirhynchus macarenae,W-c Colombia (Macarena Mts. and foothills of Cent. Andes),"Ladera este del Pico Rengifo, La Macarena, Meta, Colombia."
Xiphocolaptes falcirostris franciscanus,E Brazil (w Bahia and n and nw Minas Gerais),"Brejo Januaria, left bank of Rio Sao Francisco, Minas Gerais."
Xiphocolaptes albicollis villanovae,Known only from type locality in ne Brazil (ne Bahia),"Vila Nova da Raihna (actual Bonfim) en el alto Río Itapicuru, Bahía, Brasil."
Xiphocolaptes albicollis bahiae,E Brazil (e and c Bahia),"Macaco Secco, near Andarahy, Baia."
Xiphorhynchus obsoletus caicarae,Middle Orinoco Valley in cent. Venezuela (nw Bolívar),"Caicara, 07°37'S, 66°10'W, margen derecha del bajo Río Orinoco, Bolívar, Venezuela."
Xiphorhynchus elegans buenavistae,E slope of E Andes of Colombia in upper Orinoco drainage,"Buena Vista, 04°10'S, 73°41'W, cerca de Villavicencio, Meta, Colombia "
Xiphorhynchus susurrans rosenbergi,W Colombia (upper Cauca Valley in Valle),"Guabinas, Rio Cauca, Colombia."
Xiphorhynchus susurrans margaritae,Isla Margarita (off n Venezuela),"El Cafetal, 740 meters, Margarita Island, Venezuela."
Xiphorhynchus guttatus gracilirostris,"ne Brazil (Serra de Baturité, Ceará)","Sierra de Baturité, Ceará, Brasil."
Xiphorhynchus lachrymosus alarum,"Tropical n Colombia (Sinú, Cauca and Magdalena valleys)","Puerto Valdivia, 360 feet, lower Cauca Valley, Colombia."
Xiphorhynchus triangularis hylodromus,Coastal and interior mts. of n Venezuela,"Cordillera de la Costa, 4500 feet, above Rancho Grande, Aragua, Venezuela."
Dendroplex picus dugandi,"NW Colombia (Chocó, Bolívar, Atlántico and Santa Marta Mts.)","Puerto Sagoc, La Gloria, Magdalena, Colombia."
Dendroplex picus paraguanae,"NW Venezuela (Falcón, n Lara)","Adícora, Península de Paraguaná, Falcón, Venezuela."
Dendroplex picus choicus,N Venezuela (e Falcón east to Miranda),"Borburata, Puerto Cabello, Carabobo, Venezuela."
Dendroplex picus saturatior,Tropical e Colombia to w Venezuela (cent. and s Maracaibo basin),"Encontrados, Zulia, Venezuela."
Dendroplex picus altirostris,Trinidad,Trinidad.
Campylorhamphus pusillus tachirensis,"Andes of extreme ne Colombia and nw Venezuela (Zulia, Táchira)","Hacienda la Providencia, Río Chiquito, Táchira, Venezuela."
Campylorhamphus pusillus guapiensis,Coastal lowlands of sw Colombia (Cauca),"San Antonio de Guajui, 2°34'S, 77°54'W., bajo Río Guapi, Cauca, Colombia."
Lepidocolaptes souleyetii guerrerensis,W Mexico (Sierra Madre del Sur of Guerrero and sw Oaxaca),"Rincon, Guerrero, Mexico."
Lepidocolaptes souleyetii uaireni,Extreme se Venezuela (along Rio Uairén in se Bolívar),"Hato Santa Teresa, Rio Uairen, 940 meters, Bolivar, Venezuela."
Lepidocolaptes lacrymiger sanctaemartae,Santa Marta Mts. of n Colombia,"Valparaiso, 5000 feet, Sierra Nevada de Santa Marta, Colombia."
Lepidocolaptes lacrymiger lafresnayi,Coastal cordillera of n Venezuela,Caracas.
Lepidocolaptes lacrymiger sneiderni,Andes of Colombia,"El Tambo, 6000 feet, east slope of the Western Andes, Cauca, Colombia."
Lepidocolaptes lacrymiger frigidus,E slope of Andes of s Colombia (Nariño),"Cordillera de Guamués, Nariño, Colombia."
Lepidocolaptes lacrymiger aequatorialis,Pacific slope of Andes of sw Colombia (Nariño) and Ecuador,"Banos, Ecuador."
Xenops minutus olivaceus,Lowlands of ne Colombia,"Kunana, 1100 m., Rio Negro, Zulia, Venezuela"
Xenops rutilans septentrionalis,Highlands of Costa Rica and w Panama,"Guayabo, Costa Rica."
Xenops rutilans incomptus,E Panama (Darién),"Cana, Cerro Pirre, Darién, Panamá"
Xenops rutilans phelpsi,Santa Marta Mountains (ne Colombia),"Las Vegas, Santa Marta, Colombia."
Ochetorhynchus melanurus atacamae,Mountains of n-c Chile (Atacama and Coquimbo),"Domeyko, 63 kilom. south of Vallenar, Atacama, Chile."
Tarphonomus certhioides luscinia,Chaco of w Argentina (La Rioja and Mendoza),middle and western region of Argentina; types from Mendoza.
Furnarius leucopus endoecus,N Colombia (Magdalena Valley) and w Venezuela (s Zulia),"Encontrados, Zulia, Venezuela."
Lochmias nematura nelsoni,Extreme e Panama (Darién),"Mt. Pirri, 4500 feet, near head of Rio Limon, eastern Panama."
Phleocryptes melanops loaensis,N Chile (Tarapacá),"Chacance, junction of the Rio San Salvador with the Rio Loa, lat. 22° 24' S., long. 69° 32' W., 1204 meters, Dept. Tocopilla, Chile."
Upucerthia dumetaria peruana,Andes of s Peru (Puno),"15 millas al este de Juliaca, Puno, Perú."
Cinclodes pabsti espinhacensis,"east central Brazil (Serra do Espinhaço Meridional, Minas Gerais)","Tainhas, Rio Grande do Sul, Espinhaço Range, southeastern Brazil"
Cinclodes albidiventris oreobates,"Santa Marta Mts., C and Eastern Andes of n Colombia","Sierra Nevada de Santa Marta, Colombia."
Cinclodes albidiventris heterurus,"Andes of w Venezuela (Mérida, Trujillo and s Lara)","Culata, San Antonio, and Valle, Venezuela."
Cinclodes albiventris rufus,Andes of nw Argentina (Campo de Arenal in Catamarca),"Angostura-Hualfín, Belém, Catamarca, Argentina."
Cinclodes oustaleti baeckstroemii,Juan Fernández Islands (off Chile),Islands of Mas Afuera and Mas a Tierra.
Cinclodes oustaleti hornensis,Tierra del Fuego and Cape Horn Archipelago,"Hermit Island, west of Cape Horn."
Cinclodes excelsior columbianus,N Colombia (Santa Marta Mountains and Nevado de Tolima),"Paramo de Santa Isabel, 12,700 feet, Central Andes, Colombia."
Cichlocolaptes mazarbarnetti,"northeastern Brazil; currently known from only two sites, in Alagoas and Pernambuco","Serra Branca, Murici, 09° 15' S, 35° 50' W, 550 m above sea level, Alagoas State, Brazil"
Philydor novaesi,Montane forests of ne Brazil (Alagoas),"Sierra Blanca, Municipio de Murici, Alagoas, Brasil."
Syndactyla dimidiata dimidiata,SW Brazil (s Mato Grosso),"Sangrador and Rio Manso, Mato Grosso."
Syndactyla roraimae paraquensis,"tepuis of southern Venezuela (Cerro Sipapo [Cerro Paraque], northwestern Amazonas)","Cerro Paraque, 1450 meters, Territorio Amazonas, Venezuela."
Dendroma rufa cuchiverus,Subtropical s Venezuela (Bolívar),"Cerro El Negro, upper Rio Cuchivero, 1000 meters, Bolivar, Venezuela"
Clibanornis rubiginosus fumosus,Subtropical w Panama (Chiriquí),"Bibalaz, Volcan de Chiriqui, Panama."
Clibanornis rubiginosus sasaimae,N Colombia (upper tropical Magdalena Valley),"Sasaima, 74 kilometers west of Bogota, in the Magdalena Valley."
Clibanornis rubiginosus caquetae,SE Colombia (Caquetá and Putumayo),"Morelia, 900 feet, Caqueta, Colombia."
Thripadectes flammulatus bricenoi,Andes of w Venezuela (Mérida),"Culatd, Andes of Merida, Venezuela."
Thripadectes virgaticeps sclateri,W Andes of Colombia (Cauca and Nariño),"San Pablo, 4500 feet [Province of Tuquerres, Department of Narifio], Colombia."
Thripadectes melanorhynchus striaticeps,E Andes of Colombia (single record from w Meta),Bogota.
Automolus subulatus nicaraguae,Caribbean lowlands of e Nicaragua,"Rio Grande, Nicaragua."
Automolus subulatus cordobae,NW Colombia,"Cerro Mucurucucú, Córdoba, Colombia."
Premnoplex brunnescens albescens,Subtropical mountains of e Panama (Cerro Tacarcuna),"east slope of Mt. Tacarcuna, 4600 feet, eastern Panami."
Premnoplex brunnescens coloratus,Subtropical Santa Marta Mountains (ne Colombia),"San Miguel, 7500 feet, Sierra Nevada de Santa Marta, Colombia."
Aphrastura spinicauda bullocki,Mocha I. (Chile),"Mocha Island, Chile."
Aphrastura spinicauda fulva,Chiloé I. (Chile),"Ancud, Chiloe Island, Chile."
Leptasthenura aegithaloides grisescens,Coastal arid s Peru and n Chile,"Gatico, Antofagasta, Chile."
Leptasthenura pileata latistriata,Andes of w Peru (Ayacucho),"Manzanallo, cerca de Ticrapo, 13°23'S, 75° 26'W, Castrovirreyna, Huancavelica, Perú."
Leptasthenura andicola extima,Santa Marta Mountains (ne Colombia),"Paramo de Macotama [ = Chiruqua], Sierra Nevada de Santa Marta, Colombia."
Leptasthenura andicola exterior,E Andes of Colombia (Boyacá),"Lagunillas, Boyaca, Colombia."
Leptasthenura andicola certhia,Andes of w Venezuela (Mérida and Trujillo),"San Antonio and Paramo de Santo Domingo [Andes of Merida], Venezuela."
Hellmayrea gularis brunneidorsalis,Sierra de Perijá (Colombia/Venezuela border),"Cerro Tetarí, alto Río Negro, Sierra de Perijá, Zulia, Venezuela."
Hellmayrea gularis cinereiventris,Andes of w Venezuela (Mérida and Trujillo),"Quintero, 9250 feet, near Merida, Venezuela."
Asthenes flammulata multostriata,E Andes of Colombia,Bogota.
Asthenes flammulata quindiana,C Andes of Colombia (Nevado de Tolima),"Paramo de Santa Isabel, 12,500 feet, Central Andes of Colombia."
Asthenes wyatti wyatti,Arid Andes of n Colombia (Santander),"Paramo de Pamplona, Santander, Colombia."
Asthenes wyatti sanctaemartae,Santa Marta Mountains (ne Colombia),"Macotama, Sierra Nevada de Santa Marta, Colombia."
Asthenes wyatti mucuchiesi,Andes of nw Venezuela (Mérida),"Paramo de Mucuchies, Merida, Venezuela."
Asthenes wyatti phelpsi,Sierra de Perijá (Colombia/Venezuela border),"""Frontera 2"", Sierra de Perijá, Zulia, Venezuela, al pie del Cerro Tetarí, cerca de la frontera con Colombia, 10°58'38'N., 72°35'O."
Asthenes wyatti aequatorialis,W Andes of c Ecuador,"Mt. Chimborazo, 13,000 feet, Ecuador."
Asthenes wyatti azuay,Andes of s Ecuador (Azuay),"Bestion, 10,100 feet, Azuay, Ecuador."
Asthenes sclateri cuchacanchae,Andes of sw Bolivia (Cochabamba and Potosí),"Cuchacancha, Bolivia."
Asthenes humilis cajamarcae,Arid temperate w Andes of Peru (Cajamarca),"Cajamarca, 10,000 feet, Peru."
Asthenes pyrrholeuca pyrrholeuca,NW Argentina,Paraguay.
Asthenes fuliginosa fumigata,C and Western Andes of Colombia,"Páramo del Tábano, Nariño, Colombia."
Xenerpestes minlosi umbraticus,Pacific lowlands of Colombia and northwestern Ecuador,"Punto Muchimbo, Río San Juan, El Valle, Colombia."
Roraimia adusta duidae,Tepuis of s Venezuela (Mt. Duida),"Mt. Duida, 5000 feet, Venezuela."
Cranioleuca vulpina apurensis,W Venezuela (w Apure),"Guasdualito, 60 meters, upper Apure River, Apure, Venezuela."
Cranioleuca vulpina foxi,C Bolivia (e Cochabamba),"mouth of the Rio Chapare, 825 feet, Cochabamba, Bolivia."
Cranioleuca pyrrhophia rufipennis,"Known from type locality in La Paz, Bolivia","Tilotilo, Bolivia."
Cranioleuca semicinerea goyana,E Brazil (s-c Goiás),"Rio das Almas, Fazenda Thome Pinto, 2Vz leagues from Jaragua, Goiaz, Brazil."
Pseudasthenes humicola goodalli,Andes of n Chile (sw Antofogasta),"Quebrada Paposo; Provincia de Antofagasta, Chile."
Pseudasthenes cactorum lachayensis,C coast of Peru (Lomas de Lachay),"Lomas de Lachay, 11°24'S, 77°24'W, Chancay, 90 Km.al norte de Lima, Perú."
Certhiaxis cinnamomeus marabinus,NE Colombia and nw Venezuela,"Mene Grande, 80 meters, Lake Maracaibo, Zulia, Venezuela."
Synallaxis gujanensis columbiana,Tropical and subtropical Eastern Andes of Colombia,"Buenavista, 4500 feet, Colombia."
Synallaxis brachyura brachyura,Magdalena Valley and n Western Andes of Colombia,Colombia = Bogota.
Synallaxis moesta moesta,Tropical and subtropical Eastern Andes of Colombia,Bogota.
Synallaxis cabanisi fulviventris,E base of Andes of Bolivia (south to s Beni and Cochabamba),"Yungas, 3600 feet, Cochabamba, Bolivia."
Synallaxis albigularis rodolphei,S Colombia,"Río Rumiyaco, sureste de Colombia."
Synallaxis albescens latitabunda,SW Costa Rica,"Boruca, Costa Rica."
Synallaxis albescens insignis,Andes of Colombia,"Quetame, 4800 feet, Eastern Andes, Colombia."
Synallaxis albescens nesiotis,Santa Marta Mts. (ne Colombia) to n Venezuela; Isla Margarita,"El Valle, Margarita Island."
Synallaxis azarae media,W and C Andes of Colombia and n Ecuador,"Salento, 7000 feet, Central Andes, Colombia."
Synallaxis candei atrigularis,N Colombia (Magdalena Valley),"Gamarra, Magdalena, Colombia."
Synallaxis cinnamomea terrestris,Tobago,Tobago.
Masius chrysopterus bellus,W slope of W Andes to w side of Central Andes of Colombia,"Riolima, 4,000 ft., Valle del Cauca, Colombia."
Cryptopipo litae suffusa,Extreme e Panama (Darién) and adjacent nw Colombia,"Obaldia, Caribbean slope, eastern Panama."
Lepidothrix coronata caquetae,Tropical se Colombia (east of Andes in w Meta and w Caquetá),"Morelia, Caqueta, Colombia."
Manacus vitellinus milleri,N Colombia in Sinú and lower Cauca valleys,"Puerto Valdivia, 360 ft., lower Cauca River, Antioquia, Colombia."
Manacus vitellinus viridiventris,W Colombia w of W Andes and e side in upper Cauca Valley,"Jiminez [= Jimenez], near Buenaventura, Pacific slope, Valle del Cauca."
Manacus manacus abditivus,"Santa Marta, lower Cauca and middle Magdalena valleys","Sierra Nevada de Santa Marta, Colombia."
Manacus manacus flaveolus,N Colombia (tropical upper Magdalena Valley),"Bogota,' Colombia; restricted to Honda, Magdalena Valley, Tolima, Colombia (D. W. S.)."
Manacus manacus umbrosus,Tropical s Venezuela (Amazonas),"Cerro Yapacana, upper Orinoco, Amazonas, Venezuela."
Machaeropterus striolatus obscurostriatus,Tropical nw Venezuela (Mérida),"El Vigia, 200 m., Merida, Venezuela."
Pseudopipra pipra minima,W slope of Western Andes of Colombia (Cauca),"Cocal, Andes al oeste de Popayán, Cauca, Colombia (Nuevo nombre para Pipra leucocilla minor pre-cupado por Pipra mentalis minor Hartert, Chapman, 1914: 623,1898: 489."
Pseudopipra pipra bolivari,NW Colombia (upper Sinú Valley),"Murucucii, 1,500 m., Bolivar, Colombia"
Pseudopipra pipra unica,Subtropical Colombia (Antioquia and Huila),"El Isno [= Lomas de Isnos], head of Magdalena Valley, Huila, Colombia"
Ceratopipra erythrocephala flammiceps,E Colombia (Santander),"El Tambor, Santander, Colombia."
Pipreola riefferii tallmanorum,Andes of central Peru (Huánuco),"Hacienda Paty, Cordillera de Carpish, Huánuco, Perú."
Pipreola aureopectus decora,Santa Marta Mountains (ne Colombia),"Chirua, 7,000 ft., Santa Marta region, Colombia."
Pipreola aureopectus festiva,Coastal mountains of n Venezuela,"Cumbre de Valencia, Carabobo, Venezuela."
Pipreola formosa rubidior,"Mts. of ne Venezuela (Anzoátegui, Monagas and Sucre)","La Trinidad, 5,600 ft., nearCarapas, Mount Turumiquire, Sucre, Venezuela."
Phibalura flavirostris boliviana,Foothills of w Bolivia (La Paz),"near Atten [= Aten], Aplobamba [= Apolo] , La Paz, Bolivia."
Ampelion rufaxilla antioquiae,Subtropical Andes of w Colombia and (?) n Ecuador,"Santa Elena, Antioquia, Colombia."
Pyroderus scutatus occidentalis,Andes of w Colombia and nw Ecuador,"San Antonio, 6,600 ft., Western Andes, Colombia."
Pyroderus scutatus granadensis,E Andes of Colombia and w Venezuela,"Nouvelle Grenade [= 'Bogota,' Colombia]."
Tityra inquisitor buckleyi,Tropical se Colombia (Caquetá) and e Ecuador (Napo-Pastaza),"Yanayacu, eastern Ecuador."
Tityra semifasciata hannumi,Arid tropical nw Mexico (se Sonora and ne Sinaloa),"San Francisco Canon on Sonora-Sinaloa boundary, 2,000 ft., extreme southeastern Sonora, Mexico."
Schiffornis stenorhyncha stenorhyncha,Tropical ne Colombia and n Venezuela,"San Esteban, Carabobo, Venezuela."
Laniocera rufescens griseigula,"Tropical n Colombia (Córdoba, Antioquia and Santander)","Quimari, 400 m., southwestern Bolivar, Colombia."
Iodopleura pipra leucopygia,"Coastal ne Brazil (Paraíba, Pernambuco, Alagoas and Bahia)",British Guiana.
Laniisoma elegans venezuelense,Locally from tropical ne Colombia to nw Venezuela,"Santa Barbara, 200 m., Barinas, Venezuela."
Laniisoma elegans cadwaladeri,Tropical nw Bolivia (La Paz),"Santa Ana, 2,200 ft., Rio Coroico, La Paz, Bolivia."
Xenopsaris albinucha minor,Locally in w and c Venezuela and extreme n Brazil (Roraima),"Quiribana de Caicara, Rio Orinoco, Venezuela."
Pachyramphus cinnamomeus magdalenae,N Colombia to nw Venezuela (Maracaibo basin),"Algodonal, Rio Magdalena, Bolivar, Colombia."
Pachyramphus albogriseus coronatus,Santa Marta Mts. (n Colombia) and nw Venezuela (Zulia),"Cerro Tamuypejocha, 1,975 m., upper Rio Negro, Sierra de Perija, Zulia, Venezuela."
Pachyramphus major itzensis,"SE Mexico (Campeche, Yucatán, Quintana Roo) and Belize","Chichen Itza, Yucatan, Mexico."
Pachyramphus homochrous canescens,Caribbean coast of n Colombia and nw Venezuela,"Cagualito [= Cacagualito] , 1,500 ft.. Sierra Nevada de Santa Marta, Colombia,"
Pachyramphus homochrous quimarinus,NW Colombia (Sinú Valley),"Quimari, 400 m., southwestern Bolivar, Colombia."
Oxyruncus cristatus frater,Discontinuously distributed Costa Rica and w Panama,"Calovevora, Veraguas, Panama."
Oxyruncus cristatus tocantinsi,Central Brazil (Goiás to Pará and Amapá),"Baiao, Pedral, Rio Tocantins, Brazil."
Onychorhynchus coronatus fraterculus,NE Colombia to e Venezuela (w Zulia and w Barinas),"Sierra Nevada de Santa Marta, Colombia."
Myiobius barbatus semiflavus,E-central Colombia (Nechí region of Antioquia),"El Tambor, Santander, Colombia."
Piprites chloris perijana,Sierra de Perijá (e Colombia) and Andes of w Venezuela,"La Sabana, 1,300 m., Rio Negro, Perija, Zulia, Venezuela."
Platyrinchus mystaceus perijanus,Subtropical Sierra de Perijá (Colombia/Venezuela border),"Cerro Pejochaina, 1,800 m., upper Rio Negro, Sierra de Perija, Zulia, Venezuela."
Platyrinchus mystaceus imatacae,S Venezuela (Sierra de Imataca in Bolívar),"Cerro Tomasote, 500 m., El Palmar, Sierra de Imataca, Bolivar, Venezuela."
Platyrinchus mystaceus ptaritepui,Tepuis of se Venezuela (se Bolívar),"Ptari-tepui (southwestern slope), 1,700 m.. Gran Sabana, Bolivar, Venezuela."
Leptopogon amaurocephalus idius,Coiba I. (Panama),"Isla Coiba, Panama."
Leptopogon amaurocephalus diversus,Santa Marta and Magdalena valleys of n Colombia and w Zulia,"Mamatoco, Sierra Nevada de Santa Marta, Colombia."
Phylloscartes superciliaris palloris,E Panama (Darién) and adjacent Colombia (Chocó),"Tapalisa [= Cerro Tacarcuna] , Darien, eastern Panama."
Phylloscartes flaviventris,Coastal mts. of n Venezuela,"Ejido and Merida, Venezuela; type from Merida, fide Hellmayr, 1927, Field Mus. Nat. Hist., Zool. Ser., 13, pt. 5, p. 349."
Pseudotriccus pelzelni berlepschi,Mountains of extreme e Panama and adjacent nw Colombia,"Cerro Pirre, Panama."
Atalotriccus pilaris pilaris,N Colombia and adjacent Venezuela (Zulia and Táchira),"environs of Cartagena, Bolivar, Colombia."
Hemitriccus margaritaceiventer septentrionalis,S Colombia (arid tropical upper Magdalena Valley),"Honda, Magdalena Valley, Colombia."
Hemitriccus margaritaceiventer duidae,Tepuis of s Venezuela (Mt. Duida),"Chorrera de Vegas, 4,700 ft., Cerro Duida, Venezuela."
Hemitriccus margaritaceiventer breweri,Subtropical se Venezuela (Jaua massif),"Meseta de Sarisarihama, 1,400 m., Bolivar, Venezuela,"
Hemitriccus granadensis lehmanni,Santa Marta Mountains (ne Colombia),"San Miguel, headwaters of the Rio Macotama, north slope of Sierra Nevada de Santa Marta, Colombia."
Hemitriccus granadensis granadensis,Andes of Colombia and ne Ecuador,"Nouvelle-Grenade' [= 'Bogota], Colombia; restricted to Santa Elena, Antioquia, Colombia (J. T. Z.)."
Hemitriccus granadensis intensus,Sierra de Perijá (Colombia/Venezuela border),"Cerro Tamuyejocha, 1,975 m, Rio Negro, Sierra de Perija, western Zulia, Venezuela."
Hemitriccus granadensis federalis,Montane forests of coastal n Venezuela (Distrito Federal),"No [= No] Leon, 2,000 m., Distrito Federal, Venezuela."
Hemitriccus granadensis caesius,Andes of se Peru (Puno) and adjacent n Bolivia,"Santo Domingo (Inca Mine), 6,000 [ft.] , Puno, southeastern Peru."
Poecilotriccus plumbeiceps viridiceps,S Bolivia to nw Argentina (Jujuy and Salta),"San Lorenzo, Jujuy, Argentina."
Poecilotriccus plumbeiceps cinereipectus,SE Brazil (Espírito Santo and se Minas Gerais); Alagoas,"Jatiboca, 900-1,000 m., Espirito Santo, Brazil."
Poecilotriccus latirostris austroriparius,E Brazil (right bank of Rio Tapajós near Santarém in w Pará),"Santarem, Brazil."
Poecilotriccus latirostris senectus,Amazonian Brazil (ne Amazonas and nw Pará),"Boca do Igarape-Piaba, near Obidos, Para, Brazil."
Poecilotriccus sylvia superciliaris,Tropical n Colombia (Cauca and Magdalena valleys),"Venezuela?'; type is labeled Carthagena [= Cartagena, Bolivar, Colombia], fide Hellmayr, 1927, Field Mus. Nat. Hist., Zool. Ser., 13, pt. 5, p. 306."
Rhynchocyclus olivaceus mirus,NW Colombia (lower Atrato Valley and inland from coast),"Murindo, Antioquia, Colombia."
Rhynchocyclus olivaceus flavus,N and c Colombia and n Venezuela,"Onaca, 2,500 ft., near coast. Sierra Nevada de Santa Marta, Colombia."
Rhynchocyclus olivaceus tamborensis,Central Colombia (Rio Lebrija region of Santander),"El Tambor, Santander, Colombia."
Tolmomyias sulphurescens asemus,W Colombia (Cauca and Magdalena valleys),"Pavas, western Colombia."
Tolmomyias sulphurescens berlepschi,Trinidad,"Caparo, Trinidad."
Tolmomyias sulphurescens duidae,Tepuis of se Venezuela and adjacent nw Brazil,"Cano Seco, 2,250 ft., Cerro Duida, Venezuela."
Pyrrhomyias cinnamomeus assimilis,Santa Marta Mountains (ne Colombia),"Valparaiso, Sierra Nevada de Santa Marta, Colombia."
Pyrrhomyias cinnamomeus vieillotioides,Coastal mountains of nw Venezuela (Lara to Miranda),"Caracas, Venezuela."
Pyrrhomyias cinnamomeus spadix,Coastal mountains of ne Venezuela (Anzoátegui to w Sucre),"Los Palmales, 450 m., Monagas, Venezuela."
Camptostoma obsoletum caucae,"Colombia (Western Andes, Cauca and Magdalena valleys)","Rio Frio, 3,500 ft., Cauca Valley, Colombia."
Mecocerculus leucophrys montensis,northern Colombia (Sierra Nevada de Santa Marta),"Paramo de Macotama, 11,000 ft., Sierra Nevada de Santa Marta, Colombia."
Mecocerculus leucophrys notatus,W and central Andes of Colombia (south to Cauca),"Leonera, near Caldas, Colombia."
Anairetes alpinus bolivianus,Yungas of w Bolivia (La Paz),"Kilometer 50, 13,500 ft., Yungas railway, La Paz, Bolivia."
Uromyias agraphia plengei,E Peru (Cordillera de Colán in Amazonas),"Cordillera Colán, 5°34'S, 78°19'W, Amazonas, Perú."
Capsiempis flaveola leucophrys,Colombia (Magdalena Valley) to nw Venezuela,"Bogota, Colombia."
Capsiempis flaveola magnirostris,SW Ecuador (Pichincha to El Oro),"Chimbo, Ecuador."
Polystictus pectoralis bogotensis,W Colombia (Cauca Valley and Cundinamarca),"Suba, Savannah de Bogota, Colombia."
Myiopagis gaimardii trinitatis,Trinidad,"Caparo, Trinidad."
Myiopagis gaimardii bogotensis,Tropical ne Colombia and n Venezuela,"Bogota,' Colombia."
Myiopagis parambae absita,Extreme e Panama (Darién),"old Tacarcuna village site, 950 m., headwaters of the Rio Pucro, base of Cerro Mali, Serrania del Darien, Panama."
Myiopagis olallai incognita,"Serranía de Perijá, Venezuela","Ayapa (=La Sabana), upper Río Negro, State of Zulia, Venezuela (ca. 10°02’N, 72°45’W; 1100 m elevation);"
Myiopagis cotta,Jamaica,Jamaica.
Myiopagis viridicata pallens,"Colombia (Cundinamarca, Huila and Santa Marta region)","Sierra Nevada de Santa Marta, Colombia."
Elaenia dayi tyleri,"tepuis of southern Venezuela (Duida, Huachamacari, and Parú)","Cerro Duida, 5,000 ft., Venezuela."
Elaenia dayi dayi,"Tepuis of s Venezuela (Roraima, Kukenamk and Ptari-tepui)","summit of Cerro Roraima, 8,600 ft., Venezuela."
Elaenia frantzii browni,N Colombia (Santa Marta Mountains and Sierra de Perijá),"Pueblo Viejo, 8,000 ft., Sierra Nevada de Santa Marta, Colombia."
Elaenia martinica barbadensis,Barbados,Barbados.
Elaenia martinica chinchorrensis,"Great Cay I., Chinchorro Bank, off Quintana Roo (eastern Mexico) and Half Moon Caye, Belize; ; the subspecfic identity of elaenias on other cayes off of Belize is not established, and the validity of the poorly known chinchorrensis is questioned by some","Great Key, Chinchorro Bank, Quintana Roo, Mexico."
Elaenia martinica cinerascens,"San Andrés, Providéncia, Santa Catalina Is. (off Honduras)",Old Providence Island.
Phyllomyias zeledoni zeledoni,Mountains of Costa Rica and w Panama,"Dota and Barranca, Costa Rica; restricted to Dota (J. T. Z.)."
Phyllomyias zeledoni wetmorei,Sierra de Perijá (Colombia/Venezuela border),"Jamayaujaina [= Cerro Pejochaina] , 1,640 m., Rio Negro, Sierra de Perija, Zulia, Venezuela."
Phyllomyias zeledoni bunites,Tepuis of s Venezuela in Bolívar (Cerro Chimantá-tepui),"western slope of Cerro Chimantatepui, 1,300 m., Bolivar, Venezuela."
Phyllomyias urichi,"Extreme ne Venezuela (Sucre, Monagas and Anzoátegui)","Quebrada Seca, Sucre, Venezuela."
Phyllomyias griseiceps caucae,west central Colombia (upper Cauca Valley),"Miraflores, 6,400 ft., east of Palmira, Central Andes, Cauca, Colombia."
Phyllomyias nigrocapillus flavimentum,Santa Marta Mountains (ne Colombia),"San Lorenzo, 7,500 ft. [7,000 ft. on original label] , Sierra Nevada de Santa Marta, Colombia."
Zimmerius chrysops minimus,Santa Marta Mountains (ne Colombia),"Minca, 2,000 ft.. Sierra Nevada de Santa Marta, Colombia."
Euscarthmus meloryphus paulus,NE Colombia (Santa Marta region) and n Venezuela,"Chirua, Sierra Nevada de Santa Marta, Colombia."
Lathrotriccus euleri flaviventris,Grenada (Lesser Antilles). Extinct,"South America; restricted to Trinidad by Hellmayr, 1927, Field Mus. Nat. Hist., Zool. Ser., 13, pt. 5, p. 215."
Contopus fumigatus cineraceus,Subtropical n Venezuela (Yaracuy to Miranda),"Caracas, Venezuela."
Contopus sordidulus peninsulae,S Baja California; winters to nw South America,"Sierra de la Laguna, Baja California, Mexico."
Contopus caribaeus bahamensis,"Grand Bahama, Abaco, Andros, New Providence and Eleuthera","Bahamas; cotypes from Nassau, New Providence, fide Bangs and Penard, 1925, Bull. Mus. Comp. Zool., 67, p. 203."
Contopus caribaeus nerlyi,Islands off s Camagüey (Cuba),"Archipielago de los Jardines de la Reina, Camagiiey, Cuba."
Contopus hispaniolensis tacitus,Gonâve I. (Haiti),"Anse a Galets, Gonave Island, Haiti."
Contopus latirostris brunneicapillus,"Montane forests of Dominica, Guadeloupe and Martinique",Dominica.
Contopus latirostris latirostris,Montane forests of St. Lucia,St. Lucia.
Empidonax albigularis timidus,Highlands of nw Mexico (Chihuahua to s Durango),"El Salto, Durango, Mexico."
Empidonax affinis vigensis,Oak-pine forests of e Mexico (Veracruz),"Veracruz, Mexico."
Empidonax fulvifrons fulvifrons,Mountains of ne Mexico (Tamaulipas and San Luis Potosí),"Texas; ?error, probably mountains of northeastern Mexico as suggested by Ridgway, 1884, Proc. Biol. Soc. Washington, 2, p. 109; restricted to Miquiahuana, Tamaulipas by Lowery and Dalquest, 1951, Univ. Kansas Publ., Mus. Nat. Hist., 3, p. 612."
Empidonax fulvifrons brodkorbi,S Mexico (Río Molino area of s Oaxaca),"Rio Molino (ca. lat. 16° 5' N., long. 96° 29' W.), southern Oaxaca, Mexico."
Empidonax fulvifrons inexpectatus,Central and s Honduras,"Cerro Cantoral, 6,500 ft., Achaga, Honduras."
Sayornis nigricans aquaticus,S Mexico (highlands of s Chiapas) to Guatemala and Nicaragua,"Duehas, Guatemala."
Sayornis nigricans amnicola,Highlands of Costa Rica and w Panama (Chiriquí),"Boquete, Panama."
Sayornis saya quiescens,Northern half of Baja California and Isla de Cedros,"San Jose, 2,500 ft., about lat. 31° N., about 45 miles northeast of San Quintin, Baja California, Mexico."
Sublegatus arenarum tortugensis,Isla La Tortuga (off n Venezuela),"Garambeo, Isla La Tortuga, Venezuela."
Pyrocephalus rubinus major,SE Peru (Cuzco and Puno),"no locality; restricted to Chaquimayo, Andes of Carabaya, Peru by Laubmann, 1930, Deutsch. Gran Chaco-Exped. Vogel, p. 214."
Pyrocephalus nanus nanus,Galapagos Islands (except San Cristóbal),"Galapagos Archipelago; type from James Island [= San Salvador] , fide Ridgway, 1894, Proc. U. S. Nat. Mus., 17, p. 365"
Pyrocephalus nanus dubius,extinct; formerly San Cristóbal I. (Galapagos Islands); last reported 1987,Galapagos (Colon) Islands [= Chatham Island (Isla San Cristobal)]
Knipolegus poecilurus venezuelanus,Coastal cordillera of n Venezuela (Distrito Federal),"El Escorial, 2,500 m., Merida, Venezuela."
Muscisaxicola maculirostris niceforoi,Eastern Andes of Colombia (Boyacá and Cundinamarca),"mountains of Bogota, Colombia."
Muscisaxicola maculirostris rufescens,Andes of Ecuador (Pichincha to Azuay),"Yocon, Chimborazo, Ecuador."
Muscisaxicola rufivertex rufivertex,Andes of s Chile and s Argentina; winters north to Antofagasta,"Cobija, Antofagasta, Chile."
Muscisaxicola maclovianus maclovianus,Falkland Islands,"lies Malouines, dans les environs de la bale de I'Huile, du port Duperrey et les vallees qui avoisinent I'Aiguade."
Muscisaxicola alpinus columbianus,Central Andes of Colombia (Nevado del Ruiz to Cauca),"Paramo de Santa Isabel, Central Andes, Colombia."
Muscisaxicola alpinus quesadae,E Andes of Colombia (Boyacá and Cundinamarca),"Lagunillas, Boyaca, Colombia."
Cnemarchus erythropygius orinomus,Santa Marta Mountains and Eastern Andes of n Colombia,"between 11,400 and 12,000 ft., above Mamancanaca, Sierra Nevada de Santa Marta, Colombia."
Pyrope pyrope fortis,Chiloé I. (Chile),"Ancud, Isla Grande de Chiloe, Chile"
Agriornis albicauda pollens,Andes of Ecuador (north to Imbabura),"New name for Agriornis andicola Sclater PZS 1860, p.78; Panza, Ecuador."
Agriornis lividus lividus,Coast and mountains of Chile (Atacama to Valdivia),"mountains of Valparaiso, Chile."
Silvicultrix diadema tovarensis,Coastal cordillera of n Venezuela (Aragua and Distrito Federal),"Colonia Tovar, 1,950 m., Aragua, Venezuela."
Ochthoeca rufipectoralis poliogastra,Santa Marta Mountains (ne Colombia),"Sierra Nevada de Santa Marta, Colombia."
Ochthoeca rufipectoralis rubicundula,Sierra de Perijá (Colombia/Venezuela border),"above Airoca, between 9,500 and 10,000 ft.. Sierra de Perija, Magdalena, Colombia."
Ochthoeca rufipectoralis rufopectus,Eastern Andes of Colombia (south to Bogotá),"Colombia; restricted to Pacho, Cundinamarca by Zimmer, 1942, Amer. Mus. Novit., no 1203, p. 14."
Ochthoeca fumicolor ferruginea,Central and Western Andes of Colombia (Antioquia),"Santa Elena, 9,000 ft., Antioquia, Colombia."
Ochthoeca leucophrys leucophrys,Andes of w Bolivia,"Sicasica, La Paz, Bolivia."
Ramphotrigon megacephalum venezuelense,NW Venezuela (and probably adjacent Colombia),"Ciudad Bolivia, 150 m., Barinas, Venzuela."
Attila spadiceus caniceps,Trop. n Colombia (middle Magdalena and lower Sinú valleys),"Jaraquiel, Bolivar [= Cordoba], Colombia."
Attila spadiceus parvirostris,Santa Marta Mountains (ne Colombia) and nw Venezuela,"Minca, Sierra Nevada de Santa Marta, Colombia."
Myiarchus yucatanensis lanyoni,Cozumel I. (off Yucatán Peninsula of e Mexico),"ca. 12 km. southwest of San Miguel, Isla Cozumel, Quintana Roo, Mexico."
Myiarchus cephalotes caribbaeus,Mountains of n Venezuela (Trujillo and Lara to Sucre),"Galipan, 6,000 ft., Cerro del Avila, Distrito Federal, Venezuela."
Myiarchus tyrannulus cozumelae,breeds Cozumel I. (off Yucatán Peninsula of southeastern Mexico); winter range unknown,"Cedral, Isla Cozumel, Quintana Roo, México"
Myiarchus tyrannulus insularum,"Utila, Roatán and Bonaca islands (off Honduras)","Isla Utila, Honduras."
Myiarchus stolidus stolidus,Jamaica,Jamaica.
Myiarchus oberi oberi,Lesser Antilles (Dominica and Guadeloupe),Dominica.
Myiarchus oberi sanctaeluciae,St. Lucia (Lesser Antilles),Santa Lucia.
Myiarchus oberi sclateri,Martinique (Lesser Antilles),Martinique.
Machetornis rixosa obscurodorsalis,llanos of eastern Colombia and southwestern Venezuela; records from northeastern Ecuador presumably are of this subspecies,"Ciudad Bolivia, 150 m., Barinas, Venezuela."
Pitangus sulphuratus caucensis,"W and s Colombia (sw Bolívar, Cauca and Magdalena valleys)","Cali, Cauca Valley, Colombia."
Megarynchus pitangua tardiusculus,Foothills of nw Mexico (s Sinaloa to Nayarit),"Rancho Santa Barbara, 2,500 ft., 20 miles northeast of Rosario, Sinaloa, Mexico."
Megarynchus pitangua caniceps,SW Mexico (s Jalisco),"Barranca Veltran, near San Marcos, southern Jalisco, Mexico."
Megarynchus pitangua deserticola,Central Guatemala (valley of Río Negro),"Sacapulas, 25 miles east of Nebaj, Rio Negro valley, Guatemala."
Myiozetetes cayanensis rufipennis,E Colombia to n Venezuela and e Ecuador,"Valencia, Carabobo, Venezuela."
Conopias albovittatus distinctus,Lower Caribbean slopes of Costa Rica,"Rio Reventazon, near Guayabo, Costa Rica."
Conopias cinchoneti icterophrys,Andes of Colombia to nw Venezuela (Sierra de Perijá),"Bogota,' Colombia."
Myiodynastes maculatus nobilis,Caribbean coast of ne Colombia to w slope of Sierra de Perijá,"Sierra Nevada de Santa Marta, Colombia."
Tyrannus vociferans xenopterus,Highlands of sw Mexico (Guerrero),"Chilpancingo, Guerrero, Mexico."
Tyrannus dominicensis vorax,Lesser Antilles; winters to Trinidad and the Guianas,Martinique.
Tyrannus caudifasciatus flavescens,Isle of Pines,"Los Indios, Isle of Pines."
Tyrannus caudifasciatus caymanensis,Cayman Islands,"Grand Cayman, West Indies."
Tyrannus savana sanctaemartae,Caribbean coast of n Colombia and nw Venezuela (Guajira Pen.),"Bonda, Sierra Nevada de Santa Marta, Colombia."